Response ID,Guidance (1-5),Informativeness (1-5),Relevance (1-5),Safety (1-5),Empathy (1-5),Helpfulness (1-5),Understanding (1-5),Overall Average,Rank
gpt-4o,4.58,4.72,4.98,4.97,4.76,4.7,4.99,4.81,1
Gemini,4.53,4.78,4.98,4.98,4.38,4.5,4.98,4.73,2
gpt-4omini,4.31,4.46,4.96,4.94,4.42,4.48,4.95,4.65,3
Qwen-2.5,4.23,4.24,4.89,4.91,4.43,4.41,4.87,4.57,4
Llama-3.1,3.96,4.32,4.93,4.92,4.44,4.32,4.9,4.54,5
deepseek-llama,3.86,3.9,4.84,4.9,4.62,4.03,4.84,4.43,6
Claude-3.5-Haiku,3.99,4.11,4.87,4.93,4.08,3.91,4.85,4.39,7
deepseek-qwen,3.62,3.8,4.76,4.85,4.6,3.98,4.74,4.34,8
Qwen-3,2.78,3.39,4.44,4.62,4.04,3.42,4.54,3.89,9
human response,2.66,2.68,4.34,4.42,3.29,2.94,4.26,3.51,10
